DN,objectClass,sAMAccountName,sn,givenName,userPrincipalNAme,company,userAccountControl
"cn=Blart Versenwald,ou=boys,ou=airport,dc=gyakorlat,dc=local",user,bversenwald,Blart,Versenwald,bversenw­ald@gyakorlat.local,"RepterHungary, Kft",8389152
"cn=Emily Saunders,ou=girls,ou=airport,dc=gyakorlat,dc=local",user,esaunders,Emily,Saunders,esaunders@gyakorlat.local,"RepterHungary, Kft",8389152
"CN=Nikita Argrow,ou=girls,ou=airport,dc=gyakorlat,DC=local",user,nikita,Argrow,Nikita,nikita@gyakorlat.local,"RepterHungary, Kft",8389152
"CN=Arnold Harteveld,ou=boys,ou=airport,dc=gyakorlat,DC=local",user,arnold,Harteveld,Arnold,arnold@gyakorlat.local,"RepterHungary, Kft",8389152
"CN=Terri Chudzik,ou=girls,ou=airport,dc=gyakorlat,DC=local",user,terri,Chudzik,Terri,terri@gyakorlat.local,"RepterHungary, Kft",8389152
"CN=Andrea Dunker,ou=girls,ou=airport,dc=gyakorlat,DC=local",user,andrea,Dunker,Andrea,andrea@gyakorlat.local,"RepterHungary, Kft",8389152
"CN=Ryan Ichtig,ou=boys,ou=airport,dc=gyakorlat,DC=local",user,ryan,Ichig,Ryan,ryan@gyakorlat.local,"RepterHungary, Kft",8389152
"CN=Chistine Koch,ou=girls,ou=airport,dc=gyakorlat,DC=local",user,chistine,Koch,Chistine,chistine@gyakorlat.local,"RepterHungary, Kft",8389152
"CN=Ed Meadows,ou=boys,ou=airport,dc=gyakorlat,DC=local",user,ed,Meadows,Ed,ed@gyakorlat.local,"RepterHungary, Kft",8389152
"CN=Candy Spoon,ou=girls,ou=airport,dc=gyakorlat,DC=local",user,candy,Spoon,Candy,candy@gyakorlat.local,"RepterHungary, Kft",8389152
"CN=Kern Sutton,ou=boys,ou=airport,dc=gyakorlat,DC=local",user,kern,Sutton,Kern,kern@gyakorlat.local,"RepterHungary, Kft",8389152
"CN=Charlotte Weiss,ou=girls,ou=airport,dc=gyakorlat,DC=local",user,charlotte,Weiss,Charlotte,charlotte@gyakorlat.local,"RepterHungary, Kft",8389152
"CN=Martin Berka,ou=boys,ou=airport,dc=gyakorlat,DC=local",user,martin,Berka,Martin,martin@gyakorlat.local,"RepterHungary, Kft",8389152
"CN=Adam Carter,ou=boys,ou=airport,dc=gyakorlat,DC=local",user,adam,Carter,Adam,adam@gyakorlat.local,"RepterHungary, Kft",8389152
"CN=Sten Faerch,ou=boys,ou=airport,dc=gyakorlat,DC=local",user,sten,Faerch,Sten,sten@gyakorlat.local,"RepterHungary, Kft",8389152
"CN=Pedro Gutierrez,ou=boys,ou=airport,dc=gyakorlat,DC=local",user,pedro,Gutierrez,Pedro,pedro@gyakorlat.local,"RepterHungary, Kft",8389152
"CN=Vicky Krishnan,ou=girls,ou=airport,dc=gyakorlat,DC=local",user,vicky,Krishnan,Vicky,vicky@gyakorlat.local,"RepterHungary, Kft",8389152
"CN=Spencer Low,ou=boys,ou=airport,dc=gyakorlat,DC=local",user,spencer,Low,Spencer,spencer@gyakorlat.local,"RepterHungary, Kft",8389152
"CN=Tete Mensa-Annan,ou=girls,ou=airport,dc=gyakorlat,DC=local",user,tete,Mensa-Annan,Tete,tete@gyakorlat.local,"RepterHungary, Kft",8389152
"CN=Don Roessler,ou=boys,ou=airport,dc=gyakorlat,DC=local",user,don,Roessler,Don,don@gyakorlat.local,"RepterHungary, Kft",8389152
"CN=Arthur Yasinski,ou=boys,ou=airport,dc=gyakorlat,DC=local",user,arthur,Yasinski,Arthur,arthur@gyakorlat.local,"RepterHungary, Kft",8389152
"CN=Michael Alexander,ou=boys,ou=airport,dc=gyakorlat,DC=local",user,michael,Alexander,Michael,michael@gyakorlat.local,"RepterHungary, Kft",8389152
"CN=Scott Bishop,ou=boys,ou=airport,dc=gyakorlat,DC=local",user,scott,Bishop,Scott,scott@gyakorlat.local,"RepterHungary, Kft",8389152
"CN=Mathew Charles,ou=boys,ou=airport,dc=gyakorlat,DC=local",user,mathew,Charles,Mathew,mathew@gyakorlat.local,"RepterHungary, Kft",8389152
"CN=Neil Charney,ou=boys,ou=airport,dc=gyakorlat,DC=local",user,neil,Charney,Neil,neil@gyakorlat.local,"RepterHungary, Kft",8389152
"CN=Bart Duncan,ou=boys,ou=airport,dc=gyakorlat,DC=local",user,bart,Duncan,Bart,bart@gyakorlat.local,"RepterHungary, Kft",8389152
"CN=Jens Geschwandtner,ou=boys,ou=airport,dc=gyakorlat,DC=local",user,jens,Geschwandtner,Jens,jens@gyakorlat.local,"RepterHungary, Kft",8389152
"CN=Sidney Higa,ou=girls,ou=airport,dc=gyakorlat,DC=local",user,sidney,Higa,Sidney,sidney@gyakorlat.local,"RepterHungary, Kft",8389152
"CN=Anders Madsen,ou=boys,ou=airport,dc=gyakorlat,DC=local",user,Anders,Madsen,Anders,anders@gyakorlat.local,"RepterHungary, Kft",8389152
"CN=Bobby Moore,ou=boys,ou=airport,dc=gyakorlat,DC=local",user,bobby,Moore,Bobby,bobby@gyakorlat.local,"RepterHungary, Kft",8389152
"CN=Mandar Samant,ou=boys,ou=airport,dc=gyakorlat,DC=local",user,mandar,Samant,Mandar,mandar@gyakorlat.local,"RepterHungary, Kft",8389152
"CN=Susanna Stubberod,ou=girls,ou=airport,dc=gyakorlat,DC=local",user,susanna,Stubberod,Susanna,susanna@gyakorlat.local,"RepterHungary, Kft",8389152
"CN=Walter Felhofer,ou=boys,ou=airport,dc=gyakorlat,DC=local",user,walter,Walter,Felhofer,walter@gyakorlat.local,"RepterHungary, Kft",8389152
"CN=Peter Waxman,ou=boys,ou=airport,dc=gyakorlat,DC=local",user,peter,Waxman,Peter,peter@gyakorlat.local,"RepterHungary, Kft",8389152
"CN=Norimichi Yonekura,ou=boys,ou=airport,dc=gyakorlat,DC=local",user,norimichi,Yonekura,Norimichi,norimichi@gyakorlat.local,"RepterHungary, Kft",8389152
"CN=Marko Zajc,ou=boys,ou=airport,dc=gyakorlat,DC=local",user,marko,Zajc,Marko,marko@gyakorlat.local,"RepterHungary, Kft",8389152
"CN=Stephan Adolphi,ou=boys,ou=airport,dc=gyakorlat,DC=local",user,stephan,Adolphi,Stephan,stephan@gyakorlat.local,"RepterHungary, Kft",8389152
"CN=Alan Brewer,ou=boys,ou=airport,dc=gyakorlat,DC=local",user,alan,Brewer,Alan,alan@gyakorlat.local,"RepterHungary, Kft",8389152
"CN=Alex Eggerer,ou=boys,ou=airport,dc=gyakorlat,DC=local",user,alex,Eggerer,Alex,alex@gyakorlat.local,"RepterHungary, Kft",8389152
"CN=Nikolay Grachev,ou=boys,ou=airport,dc=gyakorlat,DC=local",user,nikolay,Grachev,Nikolay,nikolay@gyakorlat.local,"RepterHungary, Kft",8389152
"CN=Dylan Miller,ou=boys,ou=airport,dc=gyakorlat,DC=local",user,dylan,Miller,Dylan,dylan@gyakorlat.local,"RepterHungary, Kft",8389152
"CN=Freeda Olaf,ou=girls,ou=airport,dc=gyakorlat,DC=local",user,freeda,Olaf,Freeda,freeda@gyakorlat.local,"RepterHungary, Kft",8389152
"CN=Max Stevens,ou=boys,ou=airport,dc=gyakorlat,DC=local",user,Max,Stevens,Max,max@gyakorlat.local,"RepterHungary, Kft",8389152